title,company,location,date_posted,page
Senior Python Developer,"Payne, Roberts and Davis","Stewartbury, Aa",2021-04-08,1
Energy engineer,Vasquez-Davidson,"Christopherville, Aa",2021-04-08,1
Legal executive,"Jackson, Chambers and Levy","Port Ericaburgh, Aa",2021-04-08,1
Fitness centre manager,Savage-Bradley,"East Seanview, Ap",2021-04-08,1
Product manager,Ramirez Inc,"North Jamieview, Ap",2021-04-08,1
Medical technical officer,Rogers-Yates,"Davidville, Ap",2021-04-08,1
Physiological scientist,Kramer-Klein,"South Christopher, Ae",2021-04-08,1
Textile designer,Meyers-Johnson,"Port Jonathan, Ae",2021-04-08,1
Television floor manager,Hughes-Williams,"Osbornetown, Ae",2021-04-08,1
Waste management officer,"Jones, Williams and Villa","Scotttown, Ap",2021-04-08,1
Software Engineer (Python),Garcia PLC,"Ericberg, Ae",2021-04-08,1
Interpreter,Gregory and Sons,"Ramireztown, Ae",2021-04-08,1
Architect,"Clark, Garcia and Sosa","Figueroaview, Aa",2021-04-08,1
Meteorologist,Bush PLC,"Kelseystad, Aa",2021-04-08,1
Audiological scientist,Salazar-Meyers,"Williamsburgh, Ae",2021-04-08,1
English as a second language teacher,"Parker, Murphy and Brooks","Mitchellburgh, Ae",2021-04-08,1
Surgeon,Cruz-Brown,"West Jessicabury, Aa",2021-04-08,1
Equities trader,Macdonald-Ferguson,"Maloneshire, Ae",2021-04-08,1
Newspaper journalist,"Williams, Peterson and Rojas","Johnsonton, Aa",2021-04-08,1
Materials engineer,Smith and Sons,"South Davidtown, Ap",2021-04-08,1
Python Programmer (Entry-Level),"Moss, Duncan and Allen","Port Sara, Ae",2021-04-08,1
Product/process development scientist,Gomez-Carroll,"Marktown, Aa",2021-04-08,1
"Scientist, research (maths)","Manning, Welch and Herring","Laurenland, Ae",2021-04-08,1
Ecologist,"Lee, Gutierrez and Brown","Lauraton, Ap",2021-04-08,1
Materials engineer,"Davis, Serrano and Cook","South Tammyberg, Ap",2021-04-08,1
Historic buildings inspector/conservation officer,Smith LLC,"North Brandonville, Ap",2021-04-08,1
Data scientist,Thomas Group,"Port Robertfurt, Aa",2021-04-08,1
Psychiatrist,Silva-King,"Burnettbury, Ae",2021-04-08,1
Structural engineer,Pierce-Long,"Herbertside, Aa",2021-04-08,1
Immigration officer,Walker-Simpson,"Christopherport, Ap",2021-04-08,1
Python Programmer (Entry-Level),Cooper and Sons,"West Victor, Ae",2021-04-08,1
Neurosurgeon,"Donovan, Gonzalez and Figueroa","Port Aaron, Ap",2021-04-08,1
Broadcast engineer,"Morgan, Butler and Bennett","Loribury, Aa",2021-04-08,1
Make,Snyder-Lee,"Angelastad, Ap",2021-04-08,1
"Nurse, adult",Harris PLC,"Larrytown, Ae",2021-04-08,1
Air broker,Washington PLC,"West Colin, Ap",2021-04-08,1
"Editor, film/video","Brown, Price and Campbell","West Stephanie, Ap",2021-04-08,1
"Production assistant, radio",Mcgee PLC,"Laurentown, Ap",2021-04-08,1
"Engineer, communications",Dixon Inc,"Wrightberg, Ap",2021-04-08,1
Sales executive,"Thompson, Sheppard and Ward","Alberttown, Ae",2021-04-08,1
Software Developer (Python),Adams-Brewer,"Brockburgh, Ae",2021-04-08,1
Futures trader,Schneider-Brady,"North Jason, Ae",2021-04-08,1
Tour manager,Gonzales-Frank,"Arnoldhaven, Ae",2021-04-08,1
Cytogeneticist,Smith-Wong,"Lake Destiny, Ap",2021-04-08,1
"Designer, multimedia",Pierce-Herrera,"South Timothyburgh, Ap",2021-04-08,1
Trade union research officer,"Aguilar, Rivera and Quinn","New Jimmyton, Ae",2021-04-08,1
"Chemist, analytical","Lowe, Barnes and Thomas","New Lucasbury, Ap",2021-04-08,1
"Programmer, multimedia","Lewis, Gonzalez and Vasquez","Port Cory, Ae",2021-04-08,1
"Engineer, broadcasting (operations)",Taylor PLC,"Gileston, Aa",2021-04-08,1
"Teacher, primary school","Oliver, Jones and Ramirez","Cindyshire, Aa",2021-04-08,1
Python Developer,Rivera and Sons,"East Michaelfort, Aa",2021-04-08,1
Manufacturing systems engineer,Garcia PLC,"Joybury, Ae",2021-04-08,1
"Producer, television/film/video","Johnson, Wells and Kramer","Emmatown, Ae",2021-04-08,1
"Scientist, forensic",Gonzalez LLC,"Colehaven, Ap",2021-04-08,1
Bonds trader,"Morgan, White and Macdonald","Port Coryton, Ae",2021-04-08,1
Editorial assistant,Robinson-Fitzpatrick,"Amyborough, Aa",2021-04-08,1
Photographer,"Waters, Wilson and Hoover","Reynoldsville, Aa",2021-04-08,1
Retail banker,Hill LLC,"Port Billy, Ap",2021-04-08,1
Jewellery designer,Li-Gregory,"Adamburgh, Aa",2021-04-08,1
Ophthalmologist,"Fisher, Ryan and Coleman","Wilsonmouth, Aa",2021-04-08,1
"Back-End Web Developer (Python, Django)",Stewart-Alexander,"South Kimberly, Aa",2021-04-08,1
Licensed conveyancer,Abbott and Sons,"Benjaminland, Ap",2021-04-08,1
Futures trader,"Bryant, Santana and Davenport","Zacharyport, Aa",2021-04-08,1
Counselling psychologist,Smith PLC,"Port Devonville, Ae",2021-04-08,1
Insurance underwriter,Patterson-Singh,"East Thomas, Ae",2021-04-08,1
"Engineer, automotive",Martinez-Berry,"New Jeffrey, Ap",2021-04-08,1
"Producer, radio","May, Taylor and Fisher","Davidside, Aa",2021-04-08,1
Dispensing optician,"Bailey, Owen and Thompson","Jamesville, Aa",2021-04-08,1
"Designer, fashion/clothing",Vasquez Ltd,"New Kelly, Ap",2021-04-08,1
Chartered loss adjuster,Leblanc LLC,"Lake Antonio, Aa",2021-04-08,1
"Back-End Web Developer (Python, Django)","Jackson, Ali and Mckee","New Elizabethside, Aa",2021-04-08,1
Forest/woodland manager,"Blankenship, Knight and Powell","Millsbury, Ae",2021-04-08,1
Clinical cytogeneticist,"Patton, Haynes and Jones","Lloydton, Ap",2021-04-08,1
Print production planner,Wood Inc,"Port Jeremy, Aa",2021-04-08,1
Systems developer,Collins Group,"New Elizabethtown, Aa",2021-04-08,1
Graphic designer,Flores-Nelson,"Charlesstad, Ae",2021-04-08,1
Writer,"Mitchell, Jones and Olson","Josephbury, Ae",2021-04-08,1
Field seismologist,Howard Group,"Seanfurt, Aa",2021-04-08,1
Chief Strategy Officer,Kramer-Edwards,"Williambury, Aa",2021-04-08,1
Air cabin crew,Berry-Houston,"South Jorgeside, Ap",2021-04-08,1
Python Programmer (Entry-Level),Mathews Inc,"Robertborough, Ap",2021-04-08,1
Warden/ranger,Riley-Johnson,"South Saratown, Ap",2021-04-08,1
Sports therapist,Spencer and Sons,"Hullview, Aa",2021-04-08,1
Arts development officer,Camacho-Sanchez,"Philipland, Ap",2021-04-08,1
Printmaker,Oliver and Sons,"North Patty, Ae",2021-04-08,1
Health and safety adviser,Eaton PLC,"North Stephen, Ae",2021-04-08,1
Manufacturing systems engineer,Stanley-Frederick,"Stevensland, Ap",2021-04-08,1
"Programmer, applications",Bradley LLC,"Reyesstad, Ae",2021-04-08,1
Medical physicist,"Parker, Goodwin and Zavala","Bellberg, Ap",2021-04-08,1
Media planner,Kim-Miles,"North Johnland, Ae",2021-04-08,1
Software Developer (Python),Moreno-Rodriguez,"Martinezburgh, Ae",2021-04-08,1
"Surveyor, land/geomatics",Brown-Ortiz,"Joshuatown, Ae",2021-04-08,1
Legal executive,Hartman PLC,"West Ericstad, Aa",2021-04-08,1
"Librarian, academic",Brooks Inc,"Tuckertown, Ae",2021-04-08,1
Barrister,Washington-Castillo,"Perezton, Ae",2021-04-08,1
Museum/gallery exhibitions officer,"Nguyen, Yoder and Petty","Lake Abigail, Ae",2021-04-08,1
"Radiographer, diagnostic",Holder LLC,"Jacobshire, Ap",2021-04-08,1
Database administrator,Yates-Ferguson,"Port Susan, Ae",2021-04-08,1
Furniture designer,Ortega-Lawrence,"North Tiffany, Aa",2021-04-08,1
Ship broker,"Fuentes, Walls and Castro","Michelleville, Ap",2021-04-08,1
